HS6,Tariff before CPTPP,Tariff after CPTPP,ROC Export to Japan Baseline,BC Export to Japan Baseline,AB Export to Japan Baseline,SK Export to Japan Baseline,MB Export to Japan Baseline,Western Canada Exports to Japan Baseline,Total CDN export to Japan Baseline,ROC Gain - No Export Promotion,ROC Gain %,BC Gain - no export promotion,BC%,AB Gain - no export promotion,AB%,SK Gain - no export promotion,SK%,MB Gain - no export promotion,MB%,Western Canada Gain - no export promotion,Western Canada Gain %,Total Canada Gain - no export promotion,Total Canada Gain %,West Exports to Japan as % of total West Exports (Pre-TPP),West Exports to Japan as % of total West Exports (Post-TPP),Canada export change with China,Canada export change with EU,Canada export change with USA,Australia's export to Japan Change,Brunei's export to Japan Change,Chile's export to Japan Change,Japan's export to Japan Change (internal trade change),Malaysia's export to Japan Change,Mexico's export to Japan Change,New Zealand's export to Japan Change,Peru's export to Japan Change,Singapore's export to Japan Change,Vietnam's export to Japan Change,China's export to Japan Change,EU's export to Japan Change,USA's export to Japan Change,ROW's export to Japan Change,Japan Rate for Canada TPP,Japan Rate for China,Japan Rate for EU28,Japan Rate for USA (OLD),Japan Rate for ROW
'010129,0.0624,0,,326,12425,,3502,16253,16253,,0,89,27.1,3312,27,,,892,25.5,4292,26,4292,26,55.94,61.66,,-2.257,-29.4411,-3.4617,,,-1425.5993,,,56.4945,,,,,-30.6367,-32,-20.8358,1,1.0624,1.0624,1.0624,1.0624
'020130,0.385,0.09,8504,3,13689,,0,13692,22196,42627,501.3,15,561,66036,482,,,0,506.7,66051,482,108678,490,1.58,8.83,-2.1355,-102.3979,-25622.7603,-51397.3364,,-0.267,-91578.5381,,-992.5996,171451.1146,,,,,-51.5052,-36073,-669.9863,1.09,1.385,1.385,1.385,1.385
'020220,0.385,0.09,168,1,113,,,114,282,809,481.5,6,519.6,530,469,,,,,536,469,1346,477,0.19,1.05,0.274,0.26,54.2413,-92.5499,,,-920.6607,,-12.1434,1646.716,,,,,-14.1099,-711,-61.3859,1.09,1.385,1.385,1.385,1.385
'020230,0.385,0.09,8938,8,39763,,14,39785,48724,50671,566.9,47,595.7,135170,340,,,81,572.4,135298,340,185969,382,19.1,56.61,-15760.0207,-111.1025,-1352.8805,-94991.8178,,-20.9291,-131020.6744,,-1569.5171,234983.5899,,,,,-315.9669,-42548,-1187.7869,1.09,1.385,1.385,1.385,1.385
'020319,0.2941,0,168341,20451,136433,33,284436,441353,609695,566644,336.6,54853,268.2,254658,187,151,460,372647,131,682309,155,1248953,205,61.55,90.39,-1507.17,-122.0395,-277093.8137,-7.1566,,,-297533.9988,,-21430.6615,,,,,,-324.5273,-360546,-30514.2759,1,1.2941,1.2941,1.2941,1.2941
'020322,0.5167,0,2583,120,1685,,382,2187,4770,13575,525.5,599,498.9,7235,429,,,2010,526.4,9844,450,23419,491,6.67,32.72,-5020.7314,-62.8242,-1109.0085,,,-351.2344,-4839.2811,,-4635.9087,,,,,,-196.1529,-77,-0.0074,1,1.5167,1.5167,1.5167,1.5167
'020329,0.4114,0,85467,9052,20643,10,51482,81188,166655,599052,700.9,68507,756.8,103890,503,125,1221.1,232751,452.1,405273,499,1004325,603,25.87,84.86,-107158.7545,-1398.216,-61386.7939,-703.4817,,-23253.4119,-208113.3572,,-48733.2918,,,,,,-264155.7162,-61758,-8066.1365,1,1.4114,1.4114,1.4114,1.4114
'020610,0.2422,0.0225,4580,1,15655,,8,15664,20244,10239,223.6,2,314.5,29097,186,,,21,247.5,29120,186,39359,194,25.93,59.49,-2.1886,-208.1729,-14088.9537,-1306.5078,,,-13750.6814,,-56.6614,3478.1949,,,,-0.0311,-3.3602,-10683,-91.1852,1.0225,1.2422,1.2422,1.2422,1.2422
'020621,0.128,0,200,6,10437,,,10442,10643,265,132.4,8,138.7,7357,70,,,,,7365,71,7630,72,51.2,71.84,-0.6488,,-2499.6211,-1303.1914,,-34.7721,-6400.3964,,-180.0775,11365.2394,,,,,-241.1852,-2708,-90.5898,1,1.128,1.128,1.128,1.128
'020629,0.2803,0.03,3146,17,7453,,8,7478,10624,9371,297.9,53,317.6,19008,255,,,26,310,19087,255,28458,268,11.48,35.49,-44.9928,-23.775,-5655.0918,-6934.5865,,-59.5599,-15034.9206,,-847.531,18928.2291,,,,,-448.0137,-3507,-0.0027,1.03,1.2803,1.2803,1.2803,1.2803
'020649,0.6235,0,3181,108,3251,,5768,9127,12308,52762,1658.7,1722,1592.1,28217,868,,,53214,922.6,83153,911,135915,1104,12.31,74.64,-23264.6365,-19.4262,-12077.977,-20.8349,,-131.9865,-43593.0139,,-286.7634,,,,,,-3277.9132,-24936,-0.004,1,1.6151,1.6235,1.6235,1.6235
'020742,0.096,0,335,,18,,,18,353,345,103.1,,,19,105,,,,,19,105,364,103,48.57,66.06,,-0.0376,-76.1367,,,,-74.1578,-0.8491,,,,,,,-7.5698,-9,-142.598,1,1.048,1.096,1.096,1.096
'020910,0.06,0,19373,757,6222,,4509,11488,30862,5751,29.7,173,22.9,1314,21,,,1366,30.3,2854,25,8605,28,56.86,65.34,-177.3351,-6.1783,-385.6241,,,-12.424,-3156.8234,,-241.4529,,,,,,-506.2619,-158,-336.9686,1,1.03,1.06,1.06,1.06
'030213,0.035,0,,1034,,,,1034,1034,,0,90,8.7,,0,,,,,90,9,90,9,2.08,2.26,-0.4567,-1.5791,-21.0224,-0.0056,,,-52.0253,,,345.4144,,,,,,0,-0.3537,1,1.035,1.035,1.035,1.035
'030214,0.035,0,66,9820,1,,,9821,9888,6,8.9,870,8.9,0,9,,,,,870,9,876,9,2.89,3.14,-9.7363,-0.0617,-349.7522,-0.8317,,-0.0596,-103.3846,,,1.022,,,,,-0.8413,0,-19.713,1,1.035,1.035,1.035,1.035
'030231,0.035,0,,58,,,,58,58,,0,5,8.9,,0,,,,,5,9,5,9,5.97,6.47,-0.7278,,-0.0037,-0.0024,,,-0.609,,,,,,,,,,-0.1161,1,1.035,1.035,1.035,1.035
'030291,0.0637,0,,37,,,,37,37,,0,10,26.3,,0,,,,,10,26,10,26,36.89,42.79,,0.2049,-0.4542,-0.003,,,-6.8368,,,,,,,-0.1206,,0,-0.0024,1,1.0637,1.0637,1.0637,1.0637
'030311,0.035,0,,5931,,,,5931,5931,,0,827,13.9,,0,,,,,827,14,827,14,45.37,48.67,-3.9625,-11.8886,-20.8605,,,,-229.912,,,,,,,-0.0073,,-30,-41.7483,1,1.035,1.035,1.035,1.035
'030312,0.035,0,,6201,,,,6201,6201,,0,844,13.6,,0,,,,,844,14,844,14,17.93,19.97,-50.5718,-69.8327,-115.903,,,-61.64,-321.0751,,,270.5967,,,,,,-2,-5.3178,1,1.035,1.035,1.035,1.035
'030339,0.035,0,1,1003,,,,1003,1004,0,14.7,139,13.8,,0,,,,,139,14,139,14,10.16,11.46,-64.7349,-0.4375,-3.4851,,,,-39.0486,,,0.9411,,,-0.0086,-0.0741,-0.7322,-11,-0.6789,1,1.035,1.035,1.035,1.035
'030341,0.035,0,,1186,,,,1186,1186,,0,171,14.4,,0,,,,,171,14,171,14,25.67,28.38,-2.2996,-0.5666,-6.3355,,,,-50.4754,,,,,,,-1.3486,,0,-11.4975,1,1.035,1.035,1.035,1.035
'030351,0.06,0,60,3136,,,,3136,3196,16,25.8,652,20.8,,0,,,,,652,21,667,21,35.48,40.64,-78.1861,-1.3328,-72.5056,,,,-187.2626,,,,,,,,-0.8136,-37,-20.7779,1,1.06,1.06,1.06,1.06
'030363,0.06,0,,546,2,,,548,548,,0,131,24,0,26,,,,,132,24,132,24,37.66,40.95,-4.5403,-3.4659,-0.6169,,,,-36.7621,,,,,,,,-0.0003,-12,-0.7934,1,1.06,1.06,1.06,1.06
'030366,0.0475,0,,46,,,,46,46,,0,9,18.3,,0,,,,,9,18,9,18,0.09,0.11,-3.907,-0.8964,-0.0251,,,-1.1466,-78.3775,,,250.4411,,,,,-0.0577,,-0.2153,1,1.0475,1.0475,1.0475,1.0475
'030389,0.0446,0,4081,8553,,,,8553,12634,714,17.5,1413,16.5,,0,,,,,1413,17,2128,17,38.19,42.04,-171.4651,-65.8752,-190.5286,-0.1342,-0.0005,-3.7933,-1466.1693,-0.0861,-0.0005,3059.1181,-0.0916,,-3.0829,-39.1435,-14.6934,-222,-164.8101,1,1.0446,1.0446,1.0446,1.0446
'030390,0.039,0,7878,5526,,,,5526,13405,754,9.6,619,11.2,,0,,,,,619,11,1373,10,66.43,69.27,-104.8646,-43.9213,-41.8342,-0.3639,,-0.0908,-411.2685,,,77.6497,-0.0266,,0.0079,-0.096,-1.3824,-50,-57.4381,1,1.039,1.039,1.039,1.039
'030391,0.039,0,3347,2520,,,,2520,5868,337,10.1,297,11.8,,0,,,,,297,12,634,11,71.23,73.97,-70.7265,-7.0651,-6.6668,-0.089,,-0.0429,-188.4495,,,31.093,-0.0011,,,-0.0779,-0.4635,-22,-26.9762,1,1.039,1.039,1.039,1.039
'030399,0.0422,0,,30,,,,30,30,,0,5,16.5,,0,,,,,5,16,5,16,16.53,18.93,-0.3044,,-1.3906,-0.0296,,-0.0416,-2.6956,,-0.0202,4.7429,,-0.0175,-0.026,-0.043,-0.2993,0,-0.2786,1,1.0422,1.0422,1.0422,1.0422
'030441,0.035,0,,1524,,,,1524,1524,,0,217,14.3,,0,,,,,217,14,217,14,7.97,9,-7.4167,-0.9186,-59.6997,-0.0028,,-0.2222,-59.9192,,,,,,,,-0.0264,0,-19.194,1,1.035,1.035,1.035,1.035
'030481,0.035,0,,548,,,,548,548,,0,80,14.7,,0,,,,,80,15,80,15,2.37,2.7,-0.0263,-1.2561,-16.2287,,,-10.2011,-43.2829,,,75.7325,,,-0.1423,-0.0162,-0.0348,-1,-2.547,1,1.035,1.035,1.035,1.035
'030486,0.1,0,221,12,,,,12,233,99,44.6,5,36.7,,0,,,,,5,37,103,44,35.6,44.7,,-37.3333,-0.3482,,,,-28.9113,,,,,,,-0.04,-0.3995,-1,-7.5939,1,1.1,1.1,1.1,1.1
'030520,0.0644,0,0,15822,,,45,15867,15867,0,27.9,2641,16.7,,0,,,8,17.8,2649,17,2649,17,72.61,76.83,-397.5926,-16.4514,-49.6658,-1.5489,,-0.0967,-762.6943,,,,-9.7115,,,-28.5498,-34.1137,-74,-44.4576,1,1.0588,1.0644,1.0644,1.0644
'030541,0.105,0,25,158,,,,158,183,12,48.9,74,47.1,,0,,,,,74,47,87,47,6.87,9.9,-0.4362,-18.3251,-6.1052,-0.0336,,-3.0348,-29.7277,,,19.1425,,,-0.0383,-1.0666,-2.6404,0,-2.8122,1,1.105,1.105,1.105,1.105
'030569,0.098,0,,101,,,,101,101,,0,39,38.6,,0,,,,,39,39,39,39,85.78,89.66,0,-0.0201,-0.5739,,,,-11.8191,,,,,,,-0.1148,,,-2.7943,1,1.098,1.098,1.098,1.098
'030616,0.01,0,7055,7220,,,,7220,14275,275,3.9,237,3.3,,0,,,,,237,3,512,4,24.58,25.17,-217.4608,-120.5012,-38.2189,,,,-143.7627,,,,,,0.3103,-0.7518,-0.7196,-1,-31.7304,1,1.01,1.01,1.01,1.01
'030617,0.01,0,71,3361,,,,3361,3432,3,4,134,4,,0,,,,,134,4,137,4,52.49,52.71,-0.66,-1.1258,-1.0626,-0.1749,-0.0032,,-39.2033,-0.2014,-0.1737,,-0.0413,,2.2474,-0.6995,-0.0007,0,-7.2591,1,1.01,1.01,1.01,1.01
'030729,0.1085,0,87,,,,,,87,44,50.9,,,,0,,,,,,0,44,51,0,0,0.4662,17.6797,14.3328,,,,-28.237,,,,,,-0.0076,-2.2198,-0.0031,,-0.0354,1,1.1085,1.1085,1.1085,1.1085
'030731,0.07,0,1,169,,,,169,171,0,18.1,30,17.6,,0,,,,,30,18,30,18,13.16,15.18,-0.0167,0,-4.9799,-0.0357,,,-3.756,,,0.6153,,,,,-0.2366,,-0.0624,1,1.07,1.07,1.07,1.07
'030791,0.0775,0,,500,,,,500,500,,0,86,17.1,,0,,,,,86,17,86,17,67.25,71.22,-0.5854,,-3.0445,,,-0.0009,-10.4264,,,0.1639,,,,-0.0012,-0.012,0,-2.0526,1,1.0775,1.0775,1.0775,1.0775
'030821,0.035,0,183,8569,5,,3,8576,8759,16,8.8,594,6.9,0,9,,,0,8.3,595,7,611,7,58.98,61.03,-14.5204,-5.2578,-17.3448,-0.0119,,-0.3899,-74.1865,,-0.3709,,-0.1441,,,-1.2763,,-2,-9.5184,1,1.035,1.035,1.035,1.035
'030822,0.07,0,,83,,,,83,83,,0,19,22.6,,0,,,,,19,23,19,23,45.68,52.39,,-5.8176,-0.3843,-0.0001,,-0.9997,-5.5507,,-0.0089,,-0.0033,,,-0.021,,0,0,1,1.07,1.07,1.07,1.07
'030829,0.0685,0,,168,,,,168,168,,0,26,15.7,,0,,,,,26,16,26,16,89.42,91.68,,-1.9139,-0.0018,,,-1.3061,-7.8059,,-0.0149,,-0.0056,,-0.0002,-0.0092,,0,-0.0925,1,1.067,1.0685,1.0685,1.0685
'040819,0.2,0,,5,,,57,62,62,,0,5,106.8,,0,,,58,102.2,63,103,63,103,4.18,8.26,,-1.197,-12.2496,,,,-18.2218,,,,,,,-0.0035,-0.057,-6,-0.1873,1,1.2,1.2,1.2,1.2
'040900,0.255,0,2031,406,6827,989,1669,9891,11923,1601,78.8,317,78.3,4638,68,752,76,1231,73.7,6939,70,8540,72,21.26,32.38,-26.3095,-1.3026,-1461.6038,-3.8909,,-0.0128,-3658.5268,-0.0016,-7.6194,15309.3548,,,-1.1098,-275.2357,-59.6929,-2,-68.1257,1,1.255,1.255,1.255,1.255
'051191,0.0043,0,9,88,,,,88,97,0,1.7,2,1.7,,0,,,,,2,2,2,2,0.98,1,-0.0021,-0.0097,-0.378,0,,,-0.4738,,-0.0011,0.041,,,-0.0012,-0.0735,-0.0004,0,-0.0636,1,1,1.0043,1.0043,1.0043
'051199,0.0083,0,580,370,53,,,422,1002,13,2.2,8,2.2,1,2,,,,,9,2,22,2,1.92,1.95,-0.1276,-0.3087,-4.925,-0.2951,,-0.0014,-6.6071,0,-0.004,25.2272,-0.0159,,,-0.3511,-0.0417,0,-0.1547,1,1,1.0083,1.0083,1.0083
'070200,0.03,0,1225,1189,,,,1189,2414,139,11.4,134,11.3,,0,,,,,134,11,274,11,2.39,2.66,-0.0012,-0.0023,-100.2951,,,,-149.7507,,-3.0434,283.3439,,,,,-4.3979,-8,-15.5783,1,1.03,1.03,1.03,1.03
'070810,0.03,0,20,96,,255,119,471,491,2,11.4,11,11.3,,0,28,10.8,12,9.7,50,11,52,11,10.02,10.96,-4.4598,-0.3248,-0.6235,,,,-13.9596,,-0.038,,-0.8853,,,-1.6034,-0.0135,0,-0.4792,1,1.03,1.03,1.03,1.03
'070959,0.0365,0.009,,6306,4,,0,6311,6311,,0,634,10.1,0,10,,,0,10.4,635,10,635,10,5.81,6.38,-0.1528,-4.8958,-256.3513,-0.4956,,-0.0003,-172.1307,-0.0076,-0.2821,0.1038,,,,-25.4714,-7.0412,-4,-1.2803,1.009,1,1.0365,1.0365,1.0365
'070960,0.03,0,,195,,,,195,195,,0,22,11.5,,0,,,,,22,11,22,11,0.29,0.32,-0.0002,0.0003,-5.8307,,,,-423.8977,,,1560.0951,,,-0.0014,-0.0248,-19.4471,,-73.7872,1,1.03,1.03,1.03,1.03
'070999,0.045,0,,54,,,,54,54,,0,9,17.7,,0,,,,,9,18,9,18,28.57,32.01,,-0.0002,0.2952,-0.0049,,,-20.5635,-0.0006,0.0017,10.6263,,,-0.307,0.1358,-0.0001,0,0.0039,1,1.045,1.045,1.045,1.045
'071159,0.09,0,,830,,,,830,830,,0,213,25.7,,0,,,,,213,26,213,26,98.44,98.89,,-0.1123,-0.1781,,,,-59.6135,,,,,,-0.2069,-19.4491,-0.0054,,0,1,1.09,1.09,1.09,1.09
'071310,1.4247,0,72,8,962,2940,43,3952,4025,1138,1575.3,132,1674.3,14897,1548,47999,1632.7,706,1659.5,63734,1613,64871,1612,0.38,6.35,-10573.2152,-447.2052,-1650.6884,-212.3485,,,-21068.608,,,13524.6296,,,-0.128,-128.3821,-1222.9291,-1352,-379.0594,1,2.4147,2.4247,2.4247,2.4247
'071320,0.0425,0,209,10,44,342,8,404,613,34,16.2,2,16.3,7,16,56,16.3,1,16.3,66,16,100,16,0.52,0.61,-0.0056,-4.6764,-11.8696,-0.3299,,,-26.9058,,-1.2026,,,-0.0044,,-0.006,-0.0582,-3,-1.049,1,1.0215,1.0425,1.0425,1.0425
'071332,1.6328,0,13108,,15,20,,35,13143,72814,555.5,,,395,2553,506,2541.4,,,866,2447,73680,561,0.76,17.41,-0.7317,-348.7654,-433.1916,-26.4052,,,-26403.9504,,,,,,,-3328.0776,,-204,-1288.9719,1,2.6328,2.6328,2.6328,2.6328
'071333,0.8528,0,939,0,10,20,29,59,998,7596,808.9,3,841.1,82,829,165,835.6,245,836.8,495,835,8091,810,0.22,2.04,-16.0077,-2685.0906,-259.5356,,,-0.088,-2336.4592,,,,-4.4356,,-0.7376,-93.9303,-6.2531,-122,-337.5612,1,1.8428,1.8528,1.8528,1.8528
'071339,0.065,0,7881,3,629,114,,746,8627,1794,22.8,1,25.3,158,25,29,25.3,,,187,25,1982,23,0.67,0.84,-0.334,-304.5224,-241.9513,,,,-545.6126,,,,-1.6186,,,-32.2306,,-42,-8.5666,1,1.0575,1.065,1.065,1.065
'071340,0.0425,0,5,9,,97,,106,111,1,16.5,1,16.4,,0,16,16.5,,,17,16,18,16,0.01,0.01,-0.095,-2.8828,-1.0871,-0.0964,,,-4.8922,,,,,,,,-0.2041,0,-0.3997,1,1.0215,1.0425,1.0425,1.0425
'081010,0.06,0,,27,,,,27,27,,0,6,24,,0,,,,,6,24,6,24,8.73,10.6,,0,-0.0592,,,,-2.3117,,-0.0028,1.0091,,,,,-0.0226,0,-0.0061,1,1.06,1.06,1.06,1.06
'081030,0.06,0,,85,,,,85,85,,0,11,13.4,,0,,,,,11,13,11,13,94.48,95.48,,,-0.4092,,,-0.4727,-3.4752,,,1.1072,,,,,,0,-0.068,1,1.03,1.06,1.06,1.06
'081040,0.06,0,12,283,,,,283,295,3,24,68,24,,0,,,,,68,24,71,24,0.22,0.27,-0.1543,-0.0619,-36.2147,,,-1.3753,-19.4528,,-2.2726,1.9702,,,,,-0.0258,-1,-0.0043,1,1.03,1.06,1.06,1.06
'081120,0.078,0,,410,,,,410,410,,0,141,34.3,,0,,,,,141,34,141,34,5.58,7.37,-0.4275,-0.0007,-11.2788,,,-15.4524,-128.4996,,,315.5366,,,,-0.1251,-6.1009,-8,-10.197,1,1.039,1.078,1.078,1.078
'081190,0.1218,0,15975,11426,24,,36,11486,27461,8706,54.5,6085,53.3,14,56,,,20,55.7,6119,53,14825,54,13.37,19.39,-167.4875,-921.5926,-2518.6148,-0.921,,-75.8592,-4500.4317,-0.4018,-41.6281,863.3001,-140.8969,,-52.8964,-219.6189,-101.8698,-174,-420.221,1,1.0932,1.1218,1.1218,1.1218
'081340,0.087,0,19,56,,,,56,75,7,36,20,35.5,,0,,,,,20,35,27,36,2.13,2.85,-2.5492,-0.2797,-8.4098,-0.0004,,-0.0809,-8.6918,,-0.0008,6.2127,-1.0621,,-0.0019,-1.6041,-0.3531,0,-0.1097,1,1.0616,1.087,1.087,1.087
'090121,0.12,0,826,100,,,,100,926,473,57.2,57,57.2,,0,,,,,57,57,530,57,0.93,1.46,-0.0118,-0.1662,-85.6373,-0.0602,,,-153.1195,,-0.7609,1.0309,-1.0256,,-0.5786,-0.1438,-14.8883,-15,-17.7671,1,1.1,1.12,1.12,1.12
'090122,0.12,0,15,1459,,,,1459,1474,8,54.8,736,50.4,,0,,,,,736,50,744,50,23.23,31.89,-0.1564,-11.0176,-22.9188,,,,-223.9885,,-0.0348,,-0.0317,,-0.0856,,-17.3135,-29,-2.6082,1,1.1,1.12,1.12,1.12
'090230,0.145,0,59,13,,,,13,72,42,71.8,9,71.8,,0,,,,,9,72,51,72,0.07,0.12,-0.0049,-0.0662,-3.2824,-0.0009,,,-17.7293,-0.0456,,11.35,-0.0003,-0.3286,-0.0132,-0.9033,-0.697,-1,-3.6465,1,1.145,1.145,1.145,1.145
'090921,0.03,0,149,2,,203,,205,353,26,17.8,0,20.3,,0,41,20,,,41,20,67,19,4.37,5.22,-0.1716,-3.1663,-20.6272,,,,-18.0673,,,,,,,,-0.2638,0,-18.9315,1,1,1.03,1.03,1.03
'100290,0.042,0,,,44,142,224,410,410,,0,,,5,11,16,11,25,11,45,11,45,11,2.3,2.56,,-0.2715,-16.9164,,,,-0.3071,,,,,,,,-8.8035,0,-0.2354,1,1,1.042,1.042,1.042
'100590,0.1667,0,1,,168,2,,170,171,0,49.3,,,83,49,1,49.3,,,84,49,84,49,1.85,2.74,0,-0.5408,-0.3201,-0.0026,,,-0.5075,,0,,-0.0135,,,-0.0052,-0.0058,-14,-2.9538,1,1.1667,1.1667,1.1667,1.1667
'110412,0.12,0,,176,446,14,,636,636,,0,98,55.4,249,56,8,56.8,,,354,56,354,56,0.62,0.96,-0.8385,-0.529,-146.02,-18.5686,,-0.3709,-106.2703,,-0.0015,,,,,-3.7935,-4.1908,-2,-1.6288,1,1.06,1.12,1.12,1.12
'120890,0.042,0,,58,,9,,67,67,,0,15,25.2,,0,2,25.9,,,17,25,17,25,2.01,2.5,-0.214,-0.2759,-0.8651,-2.0522,,,-5.2144,,,,,,,-1.1459,-0.3127,0,-0.3702,1,1,1.042,1.042,1.042
'130219,0.0481,0,530,60,3,1,24,87,617,109,20.6,12,20.6,1,21,0,20.6,5,20.1,18,20,127,21,0.5,0.6,-2.9483,-4.4003,-3.2149,-0.0597,,-0.1111,-47.0787,-0.0184,-0.0733,39.1624,-0.0554,,0.3385,-5.4713,-2.3225,-2,-4.8547,1,1.0481,1.0481,1.0481,1.0481
'150420,0.07,0,17,187,,,,187,203,13,80.4,150,80.2,,0,,,,,150,80,163,80,4.88,8.47,-0.5279,-1.0099,-3.8491,-0.0232,,-57.6694,-131.2568,,-0.4084,281.1195,-30.5836,,-0.0724,-5.7469,-10.9405,-31,-55.5617,1,1.07,1.07,1.07,1.07
'150600,0.064,0,36,,113,,,113,149,23,63.4,,,67,59,,,,,67,59,90,60,61.4,71.74,-1.3941,-0.6412,-0.8651,,,,-45.5792,-0.6075,-1.7033,76.8497,,,,-8.8885,-12.067,-2,-40.4046,1,1.064,1.064,1.064,1.064
'151211,0.0391,0,,752,,,56,808,808,,0,151,20,,0,,,8,14.7,159,20,159,20,99.12,99.2,-0.0872,-0.0319,-0.0739,,,,-40.9566,,-2.5229,,,,,,-13.3644,-23,-11.813,1,1.0391,1.0391,1.0391,1.0391
'151319,0.045,0,,,,92,21,112,112,,0,,,,0,31,34.3,7,34.1,39,34,39,34,7.66,9.98,0.0125,1.4984,7.1693,-0.0013,,,-13.3531,-4.3857,,4.2008,,-4.0047,0.2844,-0.0008,-0.0111,0,-7.7008,1,1,1.045,1.045,1.045
'151411,0.0971,0,181,903,383,732,,2018,2199,127,70.1,632,70,270,70,515,70.4,,,1417,70,1543,70,0.19,0.33,-396.8399,-9.9164,-194.8493,-370.8089,,,-439.8649,,,,,,,,-10.0689,,-0.0004,1,1.0971,1.0971,1.0971,1.0971
'151419,0.079,0,48,170,4546,13,636,5365,5413,20,41.2,70,41,1801,40,5,41.2,262,41.2,2138,40,2157,40,0.45,0.63,-38.4766,-0.7973,-1182.9968,-69.0953,,,-779.2518,-15.551,,0.1675,,,,,-10.0528,-40,-0.001,1,1.079,1.079,1.079,1.079
'151491,0.073,0,15,667,,363,,1030,1045,8,49.3,267,40.1,,0,183,50.3,,,450,44,457,44,3.16,4.51,-0.249,,-103.5688,-0.7844,,,-129.5365,,,,,,,,-21.389,-16,-71.9396,1,1.073,1.073,1.073,1.073
'151499,0.0479,0,21,630,,248,,878,899,6,30,137,21.7,,0,67,27.2,,,204,23,210,23,31.2,36.49,-6.4152,-0.2495,-36.1282,,,,-61.8575,,,,,,,,-55.9588,0,-0.0002,1,1.0479,1.0479,1.0479,1.0479
'151511,0.05,0,,13,56,55,,124,124,,0,4,34.7,17,31,17,31,,,39,31,39,31,11.45,14.59,-8.5623,-0.4936,-4.2056,-0.8901,,-0.215,-85.595,,,261.1279,,,,-0.071,-41.8805,-21,-8.1382,1,1.05,1.05,1.05,1.05
'151519,0.05,0,,458,5,321,1284,2068,2068,,0,131,28.7,2,33,100,31.3,254,19.8,487,24,487,24,32.81,38.16,-35.9291,-8.7847,-119.1273,-0.2701,,,-137.1074,,,12.7164,,,,-4.9482,-83.1769,-42,-0.0002,1,1.05,1.05,1.05,1.05
'151590,0.0169,0,28,60,44,62,104,269,297,3,11.7,7,11.7,5,12,7,11.6,12,11.6,31,12,35,12,2.54,2.83,-0.0386,-0.9602,-7.4705,-0.2214,,-0.2729,-19.2066,-0.8197,0.1604,39.1322,-0.3538,-0.0009,-1.9472,-3.8535,-4.4422,-1,-10.5422,1,1.0123,1.0169,1.0169,1.0169
'151710,0.298,0,,1,291,,,292,292,,0,4,333.8,703,242,,,,,707,242,707,242,15.24,42.95,-2.7896,-0.0647,-274.1585,-2.3409,,,-296.9437,-2.7816,,,,-0.738,,,-2.2596,-113,-16.4441,1,1.298,1.298,1.298,1.298
'151790,0.0792,0,1,132,,,,132,133,1,99.5,112,85.1,,0,,,,,112,85,113,85,0.22,0.39,1.7641,185.1947,9785.8215,-0.2703,,0.0268,344.3667,-1792.6071,0.0023,18.4713,,-13.5204,-0.0339,19.6589,154.2969,442,23.6448,1,1.0685,1.0792,1.0792,1.0792
'160100,0.1,0,121,65,204,,,269,389,158,130.7,85,130.5,265,130,,,,,350,130,507,130,6.27,13.3,,-0.3772,-10.6282,-1.9071,,-0.0953,-195.6895,-0.0916,,465.4911,,,,-120.3402,-60.0162,-134,-129.29,1,1.1,1.1,1.1,1.1
'160249,0.0712,0,19037,,21144,7,,21151,40188,13150,69.1,,,11326,54,5,71.4,,,11331,54,24481,61,65.43,74.55,-0.5654,-0.0437,-470.0902,-1.9947,,-1.5356,-5426.5031,,-288.1106,,,-1.9649,,-3855.3319,-1083.5496,-4322,-365.7968,1,1.0712,1.0712,1.0712,1.0712
'160300,0.108,0,55,,,,,,55,78,142.1,,,,0,,,,,,0,78,142,0,0,0,-0.1214,-0.2029,-35.863,,,-273.6103,-0.0066,-0.0138,1010.8127,,,,-103.1615,-98.7474,-41,-193.3041,1,1.062,1.108,1.108,1.108
'160411,0.096,0,162,314,,,,314,475,71,44.1,139,44.2,,0,,,,,139,44,210,44,2.27,3.24,-0.0029,-4.3708,-10.6685,-0.001,,-0.0016,-60.4105,,,0.7966,,,-2.4324,-5.9122,-0.1888,0,-7.8382,1,1.084,1.096,1.096,1.096
'170220,0.0945,0,20151,177,,7,,184,20335,9799,48.6,80,45.5,,0,4,50.1,,,84,46,9883,49,49.85,59.82,-15.8504,-1002.8647,-2945.934,,,,-3645.9289,,,,,,,,,-14,-303.1441,1,1.0945,1.0945,1.0945,1.0945
'170410,0.24,0,101,,,,,,101,135,134.2,,,,0,,,,,,0,135,134,0,0,-0.195,-0.876,-63.9989,,,,-60.0584,,-0.125,,,,,-2.8824,-0.141,0,-6.653,1,1.24,1.24,1.24,1.24
'190531,0.204,0,1684,51,,,,51,1734,1167,69.3,35,69.6,,0,,,,,35,70,1202,69,0.19,0.33,-0.2035,-0.5283,-257.2149,,,,-325.132,,,,,,,-1.587,-49.1974,,-0.002,1,1.204,1.204,1.204,1.204
'190532,0.18,0,7,48,9,,,57,65,7,93.3,45,93.6,8,94,,,,,54,94,60,94,0.5,0.97,-0.0008,-3.2703,-748.8649,,,,-31.5393,-0.5859,,,,-0.0234,-0.015,-0.0014,-2.9811,0,-0.5141,1,1.15,1.18,1.18,1.18
'190590,0.1778,0.0551,581,2239,365,,33,2637,3218,320,55.2,1232,55,201,55,,,18,55.2,1451,55,1771,55,1.86,2.85,-0.0378,-7.4123,-456.402,-0.9246,,,-974.8064,-41.1007,-0.0343,313.419,-0.0669,-4.846,-44.2775,-46.5157,-28.9315,-24,-26.9864,1.0551,1.1386,1.1778,1.1778,1.1778
'200410,0.1037,0,5352,25,18500,,857,19382,24734,2541,47.5,12,47.8,8409,45,,,410,47.8,8831,46,11372,46,3.5,5.06,-201.5578,-0.7051,-4024.7281,-0.0921,,,-3606.5671,-0.1922,,1453.6481,,,-0.1317,-16.2364,-173.2324,-967,-19.6755,1,1.1037,1.1037,1.1037,1.1037
'200520,0.1153,0,1219,116,11,,,127,1346,659,54.1,63,54.2,6,54,,,,,69,54,728,54,1.21,1.86,-0.5096,-2.521,-102.0792,-0.0044,,,-223.5201,-0.8162,-0.0498,,-0.0031,,,-24.4979,-9.0646,-30,0,1,1.1073,1.1153,1.1153,1.1153
'200580,0.1245,0,86,,,,,,86,51,59.2,,,,0,,,,,,0,51,59,0,0,0,-2.6761,-2.1227,,,,-761.9731,,,2588.0811,,,-4.1263,-8.5316,-0.5656,-100,-117.7681,1,1.1245,1.1245,1.1245,1.1245
'200799,0.2103,0,100,11,,,,11,110,113,113.7,12,113.7,,0,,,,,12,114,125,114,0.2,0.42,-0.7233,-0.067,-14.6605,-6.7173,,-7.3093,-393.546,-1.0492,-7.7699,1125.9538,-0.0066,,,-13.4206,-63.6082,-5,-10.9229,1,1.2103,1.2103,1.2103,1.2103
'200811,0.1828,0,59,,,,,,59,57,95.6,,,,0,,,,,,0,57,96,0,0,-0.0032,-0.0095,-17.6114,0.1216,,,-19.7886,,,9.9548,,-0.0122,-0.0018,-5.2588,-0.0024,-1,-0.02,1,1.1828,1.1828,1.1828,1.1828
'200819,0.1035,0,299,,,72,,72,371,144,48.2,,,,0,35,48,,,35,48,179,48,0.19,0.27,-0.2667,-0.1055,-14.3527,-1.0921,,-0.0478,-57.81,-0.5068,-0.0515,,-0.0124,-0.0219,-1.2306,-9.5548,-0.7825,-2,-1.7688,1,1.0566,1.1035,1.1035,1.1035
'200893,0.1852,0,243,61,,,,61,304,234,96.2,58,95.5,,0,,,,,58,96,292,96,8.78,14.78,-4.5046,-40.7911,-49.9193,,,-0.1539,-83.046,,,,,,,,-0.5142,-26,-0.2986,1,1.1715,1.1852,1.1852,1.1852
'200899,0.1391,0,370,64,,,,64,434,252,68.3,44,68.3,,0,,,,,44,68,296,68,0.34,0.57,-0.0326,-1.4578,-24.1635,-0.1068,,-0.1335,-428.8637,-0.0291,-1.1065,766.7979,-0.0968,-0.0035,-4.581,-43.2422,-3.7614,-7,-28.3669,1,1.0874,1.1391,1.1391,1.1391
'200989,0.1512,0,546,113,,,,113,659,403,73.9,84,74,,0,,,,,84,74,487,74,1.47,2.52,-1.1958,-2.2136,-33.8246,-14.4353,,-50.1772,-3603.5348,,,11859.4767,-0.074,,-29.6857,-91.426,-221.9827,-561,-84.6042,1,1.1499,1.1512,1.1512,1.1512
'210330,0.0825,0,563,6,1784,,2,1792,2355,204,36.3,2,36.5,577,32,,,1,36.4,580,32,785,33,33.26,40.44,-2.5447,-6.4004,-110.0474,-0.9967,,,-231.7896,,,0.7315,,,,-0.6976,-42.0274,-14,-4.3709,1,1.0825,1.0825,1.0825,1.0825
'210390,0.0963,0,498,275,,,,275,773,219,43.9,121,44.1,,0,,,,,121,44,340,44,6.56,9.18,0.0192,0.1671,38.0557,-95.9149,,,-4797.1223,-1.3645,-7.6356,12126.1127,-0.6644,-15.4333,-87.274,-130.0383,-52.851,-143,-406.1693,1,1.0803,1.0963,1.0963,1.0963
'210410,0.077,0,183,1885,20,,,1906,2088,62,34.2,634,33.6,7,34,,,,,641,34,703,34,49.33,56.6,-0.0403,0.0597,15.7827,-42.7912,,,-1030.7959,-0.1328,,1720.7401,,-9.1688,-4.6128,-19.1767,-20.9884,-45,-37.5204,1,1.077,1.077,1.077,1.077
'210610,0.6412,0.016,34,2,1,,156,158,192,198,578.6,9,578.4,5,579,,,839,538.2,853,539,1050,546,1.06,6.46,-1.799,-8.4945,-113.8306,-3.1903,,,-343.235,,,3.4694,-0.0067,,-0.0142,-17.5659,-4.5057,-76,-1.8494,1.016,1.6412,1.6412,1.6412,1.6412
'220110,0.03,0,19,529,,,,529,548,1,7,37,7,,0,,,,,37,7,38,7,14.74,15.61,-0.642,-0.006,-0.117,-0.0015,0,0,-4.1865,-0.0001,,12.9573,,0,,-0.0002,-0.3799,0,-0.012,1,1,1.03,1.03,1.03
'220299,0.115,0,50,6,,,,6,57,14,28.5,2,28.5,,0,,,,,2,28,16,28,0.59,0.75,0.0276,0.0204,1.1696,-0.3051,,,-180.2932,-0.0119,-0.0079,1.195,0.001,,-0.0009,0.0241,0.1984,1,1.197,1,1.115,1.115,1.115,1.115
'220410,0.2879,0,78,44,6,,,50,128,62,78.9,35,78.9,4,79,,,,,39,79,101,79,1.69,2.99,-0.8931,-0.0177,-0.0066,-0.1135,,-0.1208,-44.035,,-0.0291,399.9678,,,,0,-5.4796,0,-0.0296,1,1.2303,1.2879,1.2879,1.2879
'220421,0.1405,0,450,165,,,,165,615,159,35.3,58,35.3,,0,,,,,58,35,217,35,4.2,5.58,-0.5881,-0.0883,-0.3331,-3.5045,,-6.9131,-356.84,,-0.0052,4011.9573,-0.0021,,-0.0008,-0.0042,-32.0113,-5,-1.2672,1,1.1405,1.1405,1.1405,1.1405
'220710,0.0226,0,,,83,,,83,83,,0,,,4,5,,,,,4,5,4,5,21.49,22.37,,0,-0.0248,-9.2229,,,0.4197,,,,0,,-0.0009,0.0004,-0.0006,0,-0.1503,1,1.0226,1.0226,1.0226,1.0226
'230910,0.0093,0,15259,401,5234,,,5635,20894,571,3.7,15,3.8,196,4,,,,,211,4,781,4,2.65,2.75,-2.0855,-24.4964,-60.96,-7.4118,,,-272.74,,-0.0017,214.3548,,,-0.4402,-14.4031,-19.3589,-11,-37.2976,1,1.0047,1.0093,1.0093,1.0093
'230990,0.0208,0,1965,246,169,,0,416,2381,170,8.6,23,9.1,16,10,,,0,8.8,39,9,209,9,0.48,0.52,2.5969,14.8486,436.1203,-0.9406,,-0.0294,-287.9709,-2.1471,-0.0015,84.0041,,-0.3596,-0.0086,-0.2242,-1.953,13,-0.6102,1,1,1.0208,1.0208,1.0208
'271019,0.0152,0,1349,16,10238,,,10254,11603,88,6.5,1,6.5,667,7,,,,,668,7,756,7,1.07,1.14,0.055,1.4186,-83.2503,0.1341,,,-1754.9297,24.1482,0.0009,0.3553,0,11.2477,0.252,3.9689,1.2862,2,67.2124,1,1.0109,1.0152,1.0152,1.0152
'280300,0.039,0,296,,3659,,,3659,3954,84,28.5,,,993,27,,,,,993,27,1077,27,5.98,7.54,-75.9057,-173.9829,-270.2948,,,,-411.3822,-0.0438,-1.6168,,,-0.348,-0.0065,-73.8479,-22.0073,-29,-83.8433,1,1,1.039,1.039,1.039
'282560,0.0195,0,,8023,,,,8023,8023,,0,791,9.9,,0,,,,,791,10,791,10,37.3,40.22,-57.1231,-53.7645,-168.6695,-11.3322,,,-350.2773,,,,,,,-70.7939,-1.459,-23,-10.387,1,1,1.0195,1.0195,1.0195
'282590,0.011,0,,,,,724,724,724,,0,,,,0,,,42,5.9,42,6,42,6,38.55,40.26,,-17.0674,-0.0382,-0.0003,,,-14.6934,-0.0035,,,,-0.0013,-0.8086,-4.1715,-1.8124,-1,-0.5938,1,1,1.011,1.011,1.011
'282911,0.033,0,1823,23666,,,,23666,25489,391,21.5,3418,14.4,,0,,,,,3418,14,3809,15,12.11,13.71,,-16.4279,-837.8573,,,,-1356.1945,,,,,,,-124.7998,-168.272,-220,-0.0001,1,1,1.033,1.033,1.033
'284990,0.025,0,6096,1228,0,,,1228,7324,906,14.9,198,16.1,0,17,,,,,198,16,1104,15,19.56,22.22,-0.9354,-42.7916,-179.9338,,,,-380.7687,,,,,-0.0101,-0.0663,-117.7538,-69.2628,-2,-26.1975,1,1,1.025,1.025,1.025
'293299,0.031,0,12,2136,,,,2136,2148,3,22.2,433,20.3,,0,,,,,433,20,436,20,17.78,20.91,-1.2141,-110.6551,-9.5074,-0.0315,,,-160.0753,,-0.2924,12.5985,,-4.5973,-1.8324,-21.5386,-41.5167,-8,-13.2761,1,1,1.031,1.031,1.031
'293499,0.0103,0,53,0,202,,,202,255,4,7,0,7,14,7,,,,,14,7,18,7,4.77,5.09,-0.0009,-0.9579,-0.6423,-0.0004,,,-7.1234,,0.0136,0.5894,,-0.0428,,-0.4117,-1.8587,-1,-0.6248,1,1,1.0103,1.0103,1.0103
'320890,0.032,0,72,40,,,,40,111,17,23.1,9,23.1,,0,,,,,9,23,26,23,0.6,0.73,0.0853,0.1372,9.7826,0.0845,,,-48.8837,0.0726,-4.9299,3.0666,,0.0746,0.1336,0.4533,1.9569,4,1.6099,1,1,1.032,1.032,1.032
'330129,0.0154,0,46,98,,,,98,144,5,10.6,10,10.5,,0,,,,,10,11,15,11,3.15,3.47,-0.0064,-0.2026,-1.4554,-0.1219,,-0.0011,-5.4201,-0.0001,-0.0071,0.9979,,-0.0018,-0.0002,-0.2639,-1.6639,0,-0.9407,1,1,1.0154,1.0154,1.0154
'330749,0.039,0,262,53,,,,53,315,75,28.6,15,28.5,,0,,,,,15,28,90,29,1.21,1.53,-0.2394,-3.9201,-22.3313,8.8508,,,-77.078,-27.2779,-9.0747,7.7139,0.0001,-0.4208,1.5048,16.7667,-0.3238,-1,3.0504,1,1,1.039,1.039,1.039
'340399,0.031,0,115,384,50,,,433,548,26,22.3,81,21.1,11,22,,,,,92,21,118,21,2.57,3.08,-8.2903,-15.5733,-51.0097,-0.1161,,,-94.5642,0.0015,-0.0001,,,-0.0746,0.0031,-0.5003,-2.7732,-2,-1.0048,1,1,1.031,1.031,1.031
'350300,0.1002,0,19377,0,,,,0,19377,12854,66.3,0,81.4,,0,,,,,0,81,12854,66,0.11,0.19,1029.1652,1259.6091,33561.49,,,,-4853.7839,,,,,,-3.8799,-122.3403,-1581.8318,-155,-284.7413,1,1.085,1.1002,1.1002,1.1002
'350510,0.1405,0,427,0,,,,0,427,295,69,0,69.2,,0,,,,,0,69,295,69,0.51,0.86,-0.001,-0.2747,-9.0802,-1.2088,,,-92.6355,-0.0583,,-0.0292,,-0.0001,-1.3485,-0.9845,-4.9462,-2,-15.6809,1,1.0281,1.1405,1.1405,1.1405
'350790,0.039,0,3,140,,,,140,142,1,28.7,40,28.6,,0,,,,,40,29,41,29,0.55,0.71,-0.0998,-7.4147,-14.7532,-0.0876,,,-91.9091,-0.0204,-0.6548,161.525,,-0.1673,,-5.894,-19.0551,-5,-4.3182,1,1,1.039,1.039,1.039
'381400,0.039,0,106,527,,,,527,633,30,28.4,133,25.3,,0,,,,,133,25,164,26,21.8,26.24,-0.7575,-11.0461,-47.6729,0.0373,,,-69.116,-0.0043,,,,-0.4819,-0.0012,-21.0008,-2.326,-3,-2.4709,1,1,1.039,1.039,1.039
'382100,0.025,0,1,282,1,,,282,283,0,17.7,49,17.4,0,18,,,,,49,17,49,17,1.83,2.15,-2.2654,-3.3246,-35.5361,0.1585,,,-17.3424,,-0.0001,0.0707,,-0.0009,,-0.2081,-2.7369,-7,-0.5037,1,1,1.025,1.025,1.025
'382440,0.026,0,,101,,,,101,101,,0,16,16,,0,,,,,16,16,16,16,0.43,0.49,-15.3058,-42.8841,-232.2416,0.0053,,,-4.603,,,,,,,-0.5901,-1.6436,-1,-0.6341,1,1,1.026,1.026,1.026
'390120,0.065,0,,,439,,,439,439,,0,,,226,51,,,,,226,51,226,51,0.05,0.08,-8.087,-0.4039,-121.8929,0.0103,,,-89.4012,-0.7588,-0.0455,0.309,,-1.7155,-0.0028,-0.7908,-0.893,-1,-37.2686,1,1.013,1.065,1.065,1.065
'390140,0.028,0,,,2543,,,2543,2543,,0,,,504,20,,,,,504,20,504,20,0.39,0.47,-15.7813,-1.2545,-355.0253,,,,-175.0592,-0.2456,,,,-14.8826,,-0.006,-3.2235,-8,-73.717,1,1.0056,1.028,1.028,1.028
'390190,0.028,0,1583,,4624,,,4624,6207,313,19.8,,,906,20,,,,,906,20,1219,20,0.33,0.4,-105.0368,-17.9728,-2963.1946,-0.0049,,,-536.4947,-0.0034,0.0055,0.4379,,-61.1457,-0.0064,-1.7419,-17.993,-25,-129.5501,1,1.0056,1.028,1.028,1.028
'390690,0.0335,0,70,2,,,49,51,121,17,24.3,1,24.2,,0,,,12,24.3,12,24,29,24,2.1,2.57,-0.1861,-0.9754,-13.878,0.3827,,,-25.8195,-0.0301,-0.0015,2.3396,,-12.106,-0.001,0.1363,0.3655,1,1.2087,1,1.0056,1.0335,1.0335,1.0335
'392520,0.039,0,1,48,2,,,50,51,0,28.7,14,28.7,1,29,,,,,14,29,15,29,0.24,0.31,0.0009,0.2549,7.5794,0.0005,,,-15.1105,-0.0009,,,,,-1.906,0.2232,0.0154,0,0.3306,1,1,1.039,1.039,1.039
'392590,0.039,0,948,14,14,,147,176,1124,271,28.6,4,28.7,4,29,,,41,28.1,50,28,321,29,1.17,1.49,-0.1849,-1.3051,-98.2381,0.0017,,,-155.1458,-4.2734,-0.0855,1.7849,,-0.0018,-5.486,-18.3225,-2.4365,-2,-20.171,1,1,1.039,1.039,1.039
'392690,0.026,0,7061,427,34,,42,503,7563,1301,18.4,79,18.5,6,19,,,8,18.5,93,18,1394,18,0.51,0.6,-1.1694,-8.4008,-237.2503,1.6085,,0.0461,-1314.7892,-121.2154,1.2114,154.5465,,-74.693,-390.823,83.8726,6.0786,42,18.4912,1,1.0104,1.026,1.026,1.026
'410150,0.075,0,12856,5,583,,,589,13445,2483,19.3,1,20.5,120,20,,,,,121,20,2604,19,0.41,0.5,-224.8031,-222.8717,-236.1264,-1.9536,,-0.5957,-393.2983,,-0.0181,63.3485,-0.0112,,-0.0075,,-12.172,-24,-1.8687,1,1.075,1.075,1.075,1.075
'410190,0.1,0,18,25,609,,,634,652,5,27.7,6,22.8,168,28,,,,,174,27,179,27,2.86,3.63,-45.0796,-0.0447,-0.2511,-0.058,,,-26.18,,-0.0141,,,,,-3.0239,-0.1515,0,-0.3869,1,1.1,1.1,1.1,1.1
'420212,0.0953,0,4351,1,0,0,,2,4352,4185,96.2,1,110.1,0,108,0,109,,,2,110,4187,96,0.29,0.59,-74.5027,-48.4198,-1837.9434,-0.0224,,,-438.3064,-0.0341,0.1203,,,-0.0264,-466.006,-1660.6045,-330.4559,-11,-125.9982,1,1.0953,1.0953,1.0953,1.0953
'420221,0.12,0,645,,,,,,645,950,147.3,,,,0,,,,,,0,950,147,0,0,-2.3394,-3.6969,-6.5717,-0.0018,,,-76.8784,-0.0912,3.0012,10.1896,0.0186,-0.0197,-1201.463,3.9031,222.1477,0,2.1268,1,1.12,1.12,1.12,1.12
'420292,0.08,0,95,202,1,,0,203,299,84,87.8,178,88.5,1,89,,,0,88.5,180,88,263,88,15.65,25.58,0.3066,5.8473,80.3186,0.7777,-0.0001,0.0008,270.0045,-3.0248,9.3358,7.2351,0.1621,-0.0062,-5265.0543,2629.4207,180.4626,18,178.2397,1,1.08,1.08,1.08,1.08
'420310,0.13,0,157,0,0,,,0,157,229,146,0,149.9,0,149,,,,,0,150,229,146,0.01,0.03,-0.021,-0.0832,-2.1558,-0.0064,,,-153.114,,0.0139,42.7511,-0.0007,,-24.9138,-18.9712,-20.1213,-3,-12.8424,1,1.13,1.13,1.13,1.13
'420500,0.1043,0,256,0,14,,0,15,271,306,119.5,0,122.5,16,111,,,0,122.5,16,112,323,119,4.23,8.56,-0.5627,-8.3798,-53.6425,-0.1375,,,-46.3452,-0.0114,-0.1281,0.491,-0.0067,-0.0562,-6.0077,-93.2674,-53.1829,-5,-24.1837,1,1.1043,1.1043,1.1043,1.1043
'430310,0.2,0,63,0,,,0,1,64,179,282.7,1,284.5,,0,,,0,284.5,2,284,181,283,1.03,3.85,-1.6624,-0.7578,-63.0784,,,,-51.3277,,0.0005,76.1787,-0.2011,,-0.0561,-54.4734,-44.3994,-1,-10.8381,1,1.2,1.2,1.2,1.2
'440710,0.024,0,613,478287,29165,5,111,507566,508179,86,14.1,61537,12.9,3928,13,1,14.1,15,13.9,65481,13,65568,13,11.26,12.63,-8239.4604,-1125.7961,-26835.0944,-16.1077,,-1429.2972,-16022.2757,-16.5382,,1824.6131,,,-8.3006,-438.8125,-12760.1537,-1897,-2425.8261,1,1.0144,1.024,1.024,1.024
'440799,0.024,0,3816,563,,,,563,4379,640,16.8,94,16.8,,0,,,,,94,17,734,17,5.91,6.85,-23.9507,-25.0526,-138.3995,0.1016,,-0.0591,-155.4835,-49.5907,-0.3963,1.0339,-0.0333,,-3.8025,-46.7284,-5.417,-151,-36.7706,1,1.0072,1.024,1.024,1.024
'440810,0.044,0,19,241,,,,241,259,6,33.7,81,33.7,,0,,,,,81,34,88,34,0.13,0.18,-0.9404,-0.1841,-58.2339,,,,-68.5666,,,230.7079,,,-0.0314,-8.96,-0.1635,0,-102.1952,1,1.0312,1.044,1.044,1.044
'440910,0.0307,0,15,3727,4,,,3731,3746,3,22.2,806,21.6,1,22,,,,,807,22,810,22,4.24,5.11,-0.6104,-3.4925,-387.1377,-2.0017,,-2.445,-180.7201,-0.2293,,75.9603,,,-6.6115,-84.0727,-114.6279,-10,-130.1103,1,1.0184,1.0307,1.0307,1.0307
'441012,0.0567,0,13,43902,207,1550,,45660,45672,4,33.5,13142,29.9,69,33,515,33.2,,,13726,30,13730,30,4.72,6.1,-341.1993,-1.2565,-7426.9787,,,,-3366.1024,-8.3941,,,,,,-19.0248,-1728.7033,-21,-1609.3797,1,1.034,1.0567,1.0567,1.0567
'441239,0.06,0,,775,,,,775,775,,0,314,40.5,,0,,,,,314,40,314,40,0.66,0.92,-0.2526,-6.6194,-127.8095,,,-38.9061,-1070.924,-0.1074,,2956.3339,,,-66.7305,-308.0081,-165.4242,-45,-262.457,1,1.06,1.06,1.06,1.06
'441890,0.028,0,1864,3104,433,,,3537,5401,379,20.3,618,19.9,86,20,,,,,704,20,1083,20,6.36,7.55,-0.5422,-6.1401,-385.4518,-0.0173,,,-607.5038,-0.9437,,1814.6921,,-0.0013,-23.2308,-77.6256,-325.3132,-12,-630.2752,1,1.0148,1.028,1.028,1.028
'441899,0.0317,0,876,1486,372,,,1857,2733,204,23.3,342,23,84,23,,,,,426,23,630,23,4.15,5.07,-0.1549,-1.0062,-222.8725,,,,-410.1199,-0.0338,,1337.4107,,-0.0014,-16.6,-40.072,-225.3718,-5,-438.0834,1,1.0177,1.0317,1.0317,1.0317
'560210,0.056,0,11,237,,,,237,248,5,49.9,89,37.3,,0,,,,,89,37,94,38,70.23,76.64,-0.1061,-0.4193,-7.0116,,,,-30.3154,,-0.0053,,,,-4.0377,-15.5255,-7.032,0,-9.7204,1,1,1.056,1.056,1.056
'610120,0.109,0,50,117,,,,117,167,65,129.5,152,130.6,,0,,,,,152,131,217,130,12.24,23.03,0.6607,4.5454,73.579,,,,-141.6076,-11.9818,0.1018,,0.1311,,-215.2782,68.1867,2.8997,0,9.1386,1,1.109,1.109,1.109,1.109
'610342,0.109,0,50,107,,,,107,157,64,127.9,137,128.9,,0,,,,,137,129,201,129,10.53,20.1,0.2412,10.1632,101.2576,0.0098,,,-375.9593,-176.5761,0.0859,,0.1969,-0.1314,-694.5097,337.679,11.1692,1,204.4431,1,1.109,1.109,1.109,1.109
'610443,0.109,0,81,0,,,,0,82,100,123,0,143.6,,0,,,,,0,144,100,123,0.01,0.02,0.2823,266.3902,755.218,0.0166,,,-19.0386,-1.2409,0.5227,0.4612,0.0566,,-1111.3927,727.875,9.7096,-3,47.1729,1,1.109,1.109,1.109,1.109
'610910,0.0915,0,168,46,,,,46,214,170,101,46,100.5,,0,,,,,46,100,216,101,1.45,2.73,1.4941,23.3878,222.2711,0.4653,,,-247.5594,-106.9605,176.6162,6.2524,22.7279,-0.6259,-12375.7002,3879.9603,292.5556,117,2012.4618,1,1.0915,1.0915,1.0915,1.0915
'610990,0.0915,0,17,82,,,,82,99,17,101.5,85,103.8,,0,,,,,85,104,102,103,2.86,5.32,1.3433,9.7175,276.5271,0.0307,,,1682.3668,-23.5383,28.1322,35.6441,2.6046,-0.1174,-11835.7889,3666.1736,41.4439,10,1450.4942,1,1.0915,1.0915,1.0915,1.0915
'611011,0.109,0,13,553,,,,553,566,16,121.2,650,117.5,,0,,,,,650,117,666,118,38.92,57.05,0.1457,2.5636,0.9306,0.0589,,,-1547.3795,-0.0002,0.0854,7.7495,-0.2221,,-1331.8104,805.4714,173.7146,1,157.1323,1,1.109,1.109,1.109,1.109
'611020,0.103,0,2199,141,,,0,141,2340,2655,120.7,185,131.9,,0,,,0,125.5,185,132,2840,121,7.75,14.89,3.083,138.443,865.3524,0.1765,,,-1076.2214,-875.6467,26.7104,3.2905,10.2893,-0.9301,-11500.3228,4566.9539,267.2493,18,1152.2473,1,1.103,1.103,1.103,1.103
'611030,0.1045,0,73,45,1,,1,46,120,86,118.2,57,125.9,1,124,,,1,119.5,58,126,145,121,0.48,1,0.5071,246.751,2215.4748,0.0286,,,1277.1385,-341.4464,17.0487,19.3407,0.9003,-12.2036,-13663.5445,6945.2349,57.4875,1,1104.5286,1,1.1045,1.1045,1.1045,1.1045
'611300,0.088,0,0,53,,,,53,53,0,91.8,47,89,,0,,,,,47,89,47,89,6.27,11.02,0.0002,7.8965,32.9778,-0.0115,,,-15.3218,,0.4338,1.3893,,,-41.4142,9.6421,-0.1326,0,0.7364,1,1.0693,1.088,1.088,1.088
'611430,0.081,0,135,145,4,,,149,284,116,85.6,134,92.1,3,86,,,,,137,92,253,89,4.08,7.01,0.9442,44.159,489.1055,0.0758,,,-16.3477,-15.8837,0.6259,6.4195,0.068,-0.5311,-879.0091,327.2917,2.2434,2,76.1589,1,1.081,1.081,1.081,1.081
'620113,0.1095,0,56,15,,,,15,71,71,125.1,20,133.2,,0,,,,,20,133,90,127,0.96,2.16,3.6721,15.0195,30.1539,0.001,,,88.5357,-0.8425,0.0805,,0.0337,,-1674.9449,571.3274,25.2104,2,133.5652,1,1.1095,1.1095,1.1095,1.1095
'620192,0.1095,0,25,39,,,,39,64,32,125,52,133,,0,,,,,52,133,84,130,1.27,2.71,7.8345,28.4642,241.9632,0.0024,,,-152.9204,-0.0357,2.5351,,0.027,,-498.4272,207.5515,26.1224,6,58.0992,1,1.1095,1.1095,1.1095,1.1095
'620193,0.1095,0,10934,107,,,0,107,11042,11910,108.9,149,139.4,,0,,,0,121.8,150,139,12060,109,0.73,1.64,-49.5583,-515.6824,449.9422,-0.0058,,,-1255.7654,-10.9337,2.199,,-0.0042,,-7670.9312,-1067.8705,-219.4071,-11,-264.9387,1,1.1095,1.1095,1.1095,1.1095
'620213,0.1095,0,625,0,,,,0,625,745,119.2,0,141.8,,0,,,,,0,142,745,119,0,0,7.668,40.3939,114.1921,-0.0012,,,-149.0263,-2.3108,,4.5868,,-0.0037,-1673.3912,627.6294,-14.4605,0,16.5123,1,1.1095,1.1095,1.1095,1.1095
'620293,0.1095,0,7327,7,,,0,8,7335,8229,112.3,11,140.7,,0,,,0,117.5,11,140,8240,112,0.05,0.11,-19.4397,-101.2619,556.1522,-0.0329,,,-1158.8172,-14.3797,0.5495,1.598,-0.038,-0.0067,-3146.3577,-1370.9744,-235.8734,-4,-320.789,1,1.1095,1.1095,1.1095,1.1095
'620342,0.0955,0,50,13,,,0,13,63,51,103,14,110,,0,,,0,101.6,14,110,66,104,1.49,2.94,0.4928,6.428,135.5357,0.0366,,,-1768.3011,-61.1282,65.3485,,0.1547,0.0071,-6353.5277,2161.6639,252.3882,45,1731.1207,1,1.0955,1.0955,1.0955,1.0955
'620449,0.0955,0,334,3,,,,3,337,316,94.5,3,98.3,,0,,,,,3,98,319,95,0.32,0.63,-0.2333,-2.312,-90.412,-0.141,,-0.0075,-99.4036,,0.0043,0.7673,-0.0032,,-21.0345,-51.8033,-37.6959,-9,-11.2881,1,1.0955,1.0955,1.0955,1.0955
'620462,0.0955,0,56,1,,,18,19,75,58,103.7,1,107.3,,0,,,18,101.9,20,102,77,103,5.69,10.6,0.5609,13.7194,104.1243,0.0603,,,123.5878,-0.2268,62.3771,1.3572,0.0744,0.0003,-3687.5402,1339.041,35.1035,3,692.2171,1,1.0955,1.0955,1.0955,1.0955
'621020,0.0955,0,0,85,,,,85,86,0,104.7,88,103.1,,0,,,,,88,103,88,103,7.85,14.53,1.3777,8.5987,13.2896,,,,-496.8376,,,,,,-62.9725,220.8739,7.8909,0,19.5048,1,1.0955,1.0955,1.0955,1.0955
'621040,0.0955,0,116,393,,,,393,509,125,107.7,390,99.3,,0,,,,,390,99,515,101,2.44,4.66,31.5905,217.3922,276.0583,,,,150.5277,,0.1255,,,0.0053,-1585.1679,432.8025,1.8639,1,81.9329,1,1.0955,1.0955,1.0955,1.0955
'621133,0.1095,0,42,63,0,,,63,104,49,117,73,116.4,0,118,,,,,73,116,121,117,5.62,11.35,0.0705,0.662,27.2071,0.007,,,140.8386,-0.4023,8.5884,75.8509,0.0023,0.0044,-1315.4676,330.9883,2.7702,2,81.4281,1,1.1095,1.1095,1.1095,1.1095
'621143,0.1095,0,137,1,0,,,1,138,162,118.2,1,123.3,0,121,,,,,2,123,163,118,0.12,0.25,5.7587,16.4329,111.392,0.0351,,,-284.0431,-0.1144,0.6101,1.1629,,0.0128,-1488.23,676.1757,4.12,1,127.1477,1,1.1095,1.1095,1.1095,1.1095
'630790,0.053,0,215,60,1,,,61,276,104,48.2,31,50.5,0,49,,,,,31,51,135,49,0.82,1.22,5.8414,13.0786,460.8457,0.494,,0.0029,-321.1101,-44.849,9.1973,45.9521,0.0144,-58.9195,-1688.9494,1048.8913,10.6258,26,79.8863,1,1.0094,1.053,1.053,1.053
'630900,0.058,0,1776,167,,,,167,1943,912,51.3,86,51.7,,0,,,,,86,52,998,51,0.53,0.8,-0.0839,-12.2523,-1.7842,-0.0091,,,-516.708,-3.3902,-2.2849,0.7261,,-0.0089,0.0348,-4.6176,-16.8052,-98,-32.4969,1,1,1.058,1.058,1.058
'640192,0.1685,0,67,0,,,,0,67,168,250.7,1,258.3,,0,,,,,1,258,169,251,2.83,9.37,0.0003,-5.7774,-122.8694,0.0009,,,-13.7983,-3.1984,,,,,-118.5282,6.5696,-3.018,0,-1.5742,1,1.1685,1.1685,1.1685,1.1685
'640399,0.398,0,48,3,,,,3,51,713,1490.8,41,1504.1,,0,,,,,41,1504,754,1492,4.89,42.6,0.7504,4.3056,31.802,0.0002,,,269.4818,-0.0068,416.3914,19.7254,0.321,0.0094,-5276.5434,581.2976,476.9144,17,827.814,1,1.398,1.398,1.398,1.398
'640419,0.6505,0.1098,89,0,,,,0,89,2140,2410,0,2482.7,,0,,,,,0,2483,2141,2410,0.04,1.08,10.4854,200.5235,1958.8107,-0.0008,,,-2.4039,-0.9424,53.0512,,0.9899,-0.0042,-4359.513,987.956,-26.6973,-1,-16.7069,1.1098,1.6505,1.6505,1.6505,1.6505
'711319,0.0533,0,642,27,71,,,98,740,306,47.7,13,47.7,34,48,,,,,47,48,353,48,0.52,0.76,0.4402,1.963,50.2984,-0.1266,,0,-273.0904,-0.0029,-0.0319,1.9937,,-0.2052,-46.811,0.4207,-6.3672,0,-0.1497,1,1.0533,1.0533,1.0533,1.0533
'750210,0.0261,0,25904,,14390,,4203,18594,44498,5882,22.7,,,3254,23,,,975,23.2,4229,23,10111,23,2.22,2.72,-742.1567,-2203.9701,-2887.4934,-670.1507,,,-3913.4543,,,,,-0.0288,,-18.268,-246.9685,,-1708.6772,1,1.0157,1.0261,1.0261,1.0261
'750400,0.0166,0,76620,,5109,,,5109,81730,6868,9,,,586,11,,,,,586,11,7455,9,8.96,9.94,-1032.891,-219.0589,-1339.1303,-6.3142,,,-3620.1441,,,,,-0.0086,,-188.0834,-474.7239,-118,-4.4082,1,1,1.0166,1.0166,1.0166
'750890,0.03,0,31,,114,,,114,145,8,24.9,,,28,25,,,,,28,25,36,25,8.14,9.94,0.0294,1.7533,11.4161,-0.0095,,,-17.882,-0.0051,-0.0337,,,-0.031,-0.001,-0.429,-0.264,-3,-0.5083,1,1,1.03,1.03,1.03
'761300,0.03,0,1,1,110,,,112,113,0,24.8,0,24.8,27,25,,,,,28,25,28,25,0.9,1.11,-0.0003,-5.1417,-7.2094,,,,-11.558,,,,,-0.002,,-0.2184,-0.4331,-2,-0.815,1,1.024,1.03,1.03,1.03
'761699,0.03,0,176,1163,8,,351,1522,1698,44,24.8,285,24.5,2,25,,,87,24.7,373,25,417,25,3.24,4,-1.2196,-7.5004,-83.683,0.135,,,-177.8928,-0.4349,-0.4463,3.9614,,-0.7366,-252.5363,7.0188,-0.1912,0,3.5542,1,1.024,1.03,1.03,1.03
'780110,0.0038,0,,1698,,,,1698,1698,,0,53,3.2,,0,,,,,53,3,53,3,1.07,1.1,-0.0001,-0.0004,-34.4097,-6.6178,,,-17.2963,-0.0016,,,-0.1845,,-0.0197,-0.0319,-0.3531,0,-8.5851,1,1.0015,1.0038,1.0038,1.0038
'811292,0.0137,0,3,10721,,,,10721,10724,0,11.9,823,7.7,,0,,,,,823,8,824,8,50.72,53.53,-8.5108,-9.5951,-303.4368,,,-0.0328,-281.493,-0.1994,,,-1.4535,-0.2176,,-55.7762,-28.8577,-17,-123.1063,1,1.0082,1.0137,1.0137,1.0137
'961700,0.039,0,,70,,,,70,70,,0,23,33.5,,0,,,,,23,33,23,33,72.5,77.86,0.0036,0.0052,0.0385,,,,-120.3337,-15.9218,,,,,0.1499,29.9773,0.0954,0,8.4369,1,1,1.039,1.039,1.039
'761090,0.03,0,47,34,1,,,35,81,12,24.8,9,24.9,0,24,,,,,9,25,20,25,0.08,0.1,-0.7941,-1.2771,40.575,0.4862,,,-43.5096,0.3012,-0.0495,0.798,,-0.0095,-178.689,64.0652,1.5368,-1,10.3783,1,1.024,1.03,1.03,1.03
